File Name	Description	Page No.
Ako 	* Documents from 2004 - 2007	1
Ambassador Hotel 	* Meeting of the Beis Din with Mr Vickers - Background information (1st September 1988)	1
An Inspector Calls 	* Program on Channel 4 re the work of KLBD  Shomrim  (1997) (Rabbi Conway)	1
Beachcroft 1990 	 * KLBD contract 1990	1
Beis Din review 	"18th Oct. 2006:
General overview of Beis Din practice & procudures:
* Divorce 
* Conversion
* Recognition of foreign conversions 
* Jewish status 
* Marriages abroad 
* Dinei Torah 
* Otherfunctions undertaken by the Dayanim 
* Conference of European Rabbis 
*Dayanic interaction with members of the public
* Also filed: Review of the financial structure of the LBD  July 1994"	1
Beis Din guideline of kashrus of various foods & ingredients	"* NgSt, CaSt, Lactose, Vegetable fats, Shellac, Royal Jelly, Chitin, Emulsifiers, Ice Cream, Sweetners
* Method of production  of Casein
* Beis Din Ruling on Outside Hechsherim, Vegetable Fat, Emuslifiers & stabilizers
* Caramels, Chocolate, Coatings, Icings & Fillings, Peanut Butter, Process Foods, Salad Dressing, Salt, Sherbet, Sugar confectionery, Synthetic cream, Syrups, Whipped toppings, Whipped desserts
* Use of Gelatin as an adhesive, as a binder
* Gluten Free Flour Mix
* Beis Din Ruling on Microwave ovens - + on Pesach + Kashering"	1
Bestfoods/Uniliver 	"1995-2003 
* Kosher Certificates 
* Factory visit to Burton CPC March 1995
* Factory visit March 1995 - Bovril / Marmite 
* Factory visit 2002, 2003 - Best Foods (Rabbi Dome)
* Yeast Extract kosher Approval 
* Review of ingredients concerning Burton Plant (2003)"	1
Biotechnology & kashrus 	"* Biotechnology & Food Technology 
* Principles and Processes in Industrial Fermentations 
* Kashrus & the Ingredients and Processes of Biotechnology"	1
Blooms 	* Court 1998	1
Bugs		1
Report & articles re various products		1
Carmine 		2
Carmelli 	"* Application for Licence for 1988 
* Condolence letter (1988)"	2
Cheese 	"* Letter from the Chief Rabbi of Ireland re Kosher cheese (1978)
* Technical Bulletin: Catilac culture media introduction; laboratory studies; culture activity & bacteriophage resistivity; cheese manufacture studies; comparison of culture used per 35,000 pound of milk; quality standards; packaging
* Report from Societe Rapidase on the production of cheese
* Letter from Rabbi Conway to Rabbi Gutnick re the production of Cholov Yisroel cheese at Bega Co-Op under supervision of KLBD
* Report on Blue 'Cheese' Mould Culture Problem 
* DMK Hochenwestwdt 09 January 2014 - Soft cheese report 
* Report: Inspection of Milk Products - Polmlek - by Rabbi Akiva Padwa 8th February 2018
* Arla Foods amba - White Mould and Brie cheeses (cheese production aborted)
* Inspection Reports Solvin Dairy, Troldhede Dairy
* Passover butter production"	2
Chief Rabbinate of Israel 	"* Correspondence with Chief Rabbinate of Israel
* 'Flying Kashrus' article about El Al kashrus (20.12.1996)
* Whole mushrooms approved by Rabbanut (R. Conway query) 
* Answers to queries re Oak Lodge to Rabbi Landau (1993), Quaker Oats/Cadburies, Sugar from British Sugar
* Answer to Rabbi Likor's queries re Band Ovens, Cadbury's, Fishfingers, Quaker Oats (22nd January 1990)
* Fax to Rabbi Yitshak Jakobovitch re Ryvita and our logo 
* Letter to Rabbi Yitshak Jacobovitch re the Beis Din's three categories of hechsherim (15th December 1987)
* Kosher Certificate and correspondence for Instant Coffee supplied by Brash Brothers LTD (1991)
* Copy of article 'Food Industries Manual': Chocolate, Chromatography, Absorption chromatography 
* Form for Kosher Skins"	2
Cigarettes - Cigars		2
Conjoint relating to Pesach 1988 - 2002	"* Hackney & East London Synagogue 
* Spanish & Portuguese Jews' Congregation
* Distribution of Matzah & Pesach Parcels
* Conjoint Income & Exp 2001
* Notice to the public regarding Rakusen's Matzos in JC (2000)
* Correspondence re donations for that time of year
* Conjoint Passover Flour Committee - Shemura Production for Passover 1989-1994
* From Rabbi S Amor (Rakusen Foods) letter of intention to bake for Passover 5754 shemura Matzo
* List of people notified re shemura Baking (1993)"	2
Dayan Lerner	* Dayan Lerner relocation	3
EL AL	"* El Al Heathrow kitchen (1989): background, problems, separation of Milk & Meat
* Kashrus supervision fees 
* Beis Din decision regarding serving bread rolls with meals on El Al Airlines (1976)
* Rabbinate queries U.S. Kashrut"	3
Certification Process Project  	"* Factory Review meetings 
* Chinese companies"	4
Factory Reviews	"* Chinese Companies (166 factories)
* List of companies with type of products"	4
Gelatine project 	"* Lapi Gelatine: overview, plant & ingredient inspection and conclusion
* Fax from Lapi Gelatine answering Akiva Padwa's questions re chemicals, bovine skins, silos, de-freezing process
* Kosher Fish Gelatin (Lapi - Italy) - general overview of requirements for manufacturing kosher gelatin (Betzalel Schultz)
* Various other reports of Lapi Gelatine in Hebrew
* Lapi Gelatine (Neto Israel) initial Inspection Report (23.06.03) - inspected by Akiva Padwa
* Report from Rabbi Silver
* Uruguay Gelatine: update memo on the collection of hides for gelatine production; the problem with fleshing the off-cuts; salting (koshering) the hides in the tannery; segregation and trimming of hides in other slaughter houses; marking processed kosher hides for dispatch to Italy; requirements if whole hides are used; monitoring the activities of the Mashgichim
* Kladil Tannery - Florida, Uruguay - London Beis Din daily report and plans for processing kosher hides (10.07.03)
* Beis Hashchita in Tacuarembo, Uruguay - plans for segregation and preparation of kosher hides (11.07.03)
* Frigorifico San Jacinto - Nirea SA, Uruguay (14.07.03) (Akiva Padwa)
* Frigo Export Azul, Argentina - new Beis Hashchita and arrangements for kosher hides (23-25 August 2004)
* Do animal hides need koshering by salting? - based on discussions with Dr Monk of Sydney"	4
Kavana		4
Spielsinger & Abraham / Wagner / Kinloss		4
Hillel House 	"* Kashrus Certificates for Bnei Brith Hillel Foundation 
* Salary review (1979) 
* Supervision fees (1985, 1987)
* File note Hillel Restaurant 
* Report by Michael Aaron to Hillel House December 1996
* Various correspondence"	5
Holland 		5
Hindquarters 	"* Statement by the Ecclesiastical Authorities regarding the importance of porging - too much hindquarter meat leaves the shops unporged 
* Letter to the Jewish Chronicle by Chanoch Kesselman (Senior Menaker Kashrus) regarding the cost of bringing back porging (June 2000)
* Article (18th October 1934) on the sale of hindquarters meat (J H Hertz), followed by Action & Reaction
* Article by Rabbi Conway 'Avoiding Hindquarters Meat - An Ancient Tradition'
* Response by Michael Gross - 'Not So Much A Rump Steak Too Far, More A Faux Fillet'
* Sephardi Kashrut Authority (4th July 2000) letter to all Ministers of the United Synagogue
* Special Meeting of the Board (27th March 1941) re sale and supervision of hindquarter meat
* Anonymous letter from Sephardi Mother
* Article from Rabbi Conway (US Magazine) 'Hindquarters: Facts and Fiction'
* Memorandum re licensing of kosher butchers by Shechita Board & Beis Din (1948)
* Laws of the Board for Administering the Affairs of Shechita (5564-1804)
* Points of discussion re agreement between the Opperrabbinaat Voor Netherland and the London Beth Din for a joint Kashrus Commission
* Kievet"	5
Honey		5
Innocent drinks 	* KLBD looking into the ingredients (2007)	5
Isinglass		5
Israel 	"* Meeting with Rishon Le Zion - Rabbi Bakshi Doron 
* Letter to Mr Yaakov Neeman (Herzog, Fox & Neeman) from Rabbi Conway re Israel Chief Rabbinate Imports Department (1990) - 27 pages with appendix
* Beis Din withdrawing its Hechsher from Willie Foods 
* Request to renew Kashrus Certificate for Lossie Seafoods"	5
Kashrus Commission 	"* Receipt and payment accounts year ended 31.12.1983
* Minutes of meeting of the council held at Adler House, Wednesday 25th June 1986
* Hotel Project (2014)
* Report of meeting in LBD (Tavistock Square) regarding Shomrim - Dayan Ehrentreu, Dayan Lerner, Dayan Berger, Rabbi Silver, Rabbi Ehrentreu
* Receipts and payments account (1982)
* Kashrus Commission Constitution"	5
Kashrus for the community 		5
Kashrus List (Confectionary) 1962		5
Rabbi Shindler / Marriage	Meeting re roles and position for Rabbi Shindler (28th July 1905)	5
Marmite 	Teshuvo re Marmite (Rabbi Saadia Amor)	5
Halacha Files 	* The building and Maintenance of Mikvaot	6
Newspaper articles (& copies of articles)	"* 'Hypocrisy of Kosher food labels' (Lancashire Evening Telegraph) by Sylvia Noble
* KLBD press release 'Look for the LBD Logo'
* 'Kosher label first for Ryvita Co' (The Grocer 12.04.1991)
* 'Eating by numbers' (The Progressive Newsagent) 5.07.1991
* 'The margarines that are kosher' (The Glasgow Jewish Telegraph) 29.01.1993
* 'Marmite retains Quality Approval'
* 'Over 50 firms to back new kosher symbol' (The Grocer) 12.01.1991
* 'Sign of times for clean cuisine - KLBD' (Daily Telegraph) 21.01.1991
* 'Ten Mythical Mitzvot' (Jewish Chronicle Passover Supplement) 8.03.1991
* 'Board of Deputies Passover Prices Survey 1991'
* 'Royal chocs are kosher - official' (Bendicks) (Jewish Chronicle) 19.04.1991
* 'On Religious grounds'
* 'Grodzinski seeks buyer' (Jewish Chronicle) 15.12.1991
* 'Kosher cop on the beat'"	6
Norwood Ravenswood		6
Marketing 	"* Trademark Proposal 
* Advice from Jeremy Jacobs re the Kosher stall at exhibition (2010)"	7
MBD 	* Correspondence between Manchester Beis Din and London Beis Din re going forward with MBD (2018)	7
Medicine & Kashrus 	"* Article by Mr Adler - Gateshead: products to be avoided and list of permitted products; medicines general points
* Report: The Kashrus of Medical Ingredients - liquid medicines
* Glycerin: how it is manufactured; the kashrus of glycerin
* Gelatin: what it is; how it is manufactured; the kashrus of gelatin
* Lactose: what it is and how it is made; kashrus of lactose
* Stearic acid & its derivatives
* Emulsifiers
* The principle of Chatzi Shiur
* Administration of medicines forbidden by Rabbinical decree to a person whose life is not in danger
* Administration of medicines forbidden mid'rabonon to a young child
* The halachic status of consumption of forbidden substances in an unusual manner
* Applications of Bitul to medication and the rules pertaining to it
* Bitul of gelatin in tablets, lactose in tablets, active ingredients
* Summary and practical advice: liquid preparations, capsules, tablets"	7
MISC 	"* Kingsbury Mikveh report by Rabbi Conway 08.06.06
* Various letters 
* Milking mares in China & mare's milk processing (pictures)
* Milk collection in rural India (pictures)
* Rabbinical Conference Moscow July 2001 (pictures)
* Email from Alan Koch to Honorary Officers regarding book sale (22.04.2000)"	7
Milk		7
Obituaries - Memorial Address		7
Overview of Kashrus Division current & proposed procedures		7
OU	"* Extensive correspondence between the OU and KLBD, 1992-2013
* S L Kaye (NY) & Derwent Lynton, Derby - concerns over OU certification approaches (1992)
* Ryvita Company - OU authorisation, OU-D labelling, transfer of certification
* Cape Town Beis Din query re steam system (1992)
* Citrus Colloids - pectin confirmed Kosher LeMehadrin (1994)
* OU Daf HaKashrus memos and Kashrus Alerts
* Requests for information on R.C. Treatt, P.T. Budi Acidjaya, Bush Boak Allen, Givaudan Roure, Kuok Oils
* Summary of agreements reached at the OU/LBD meeting (9.12.1998) covering mutual acceptance of certification, non-approach of each other's companies, joint inspections, and specific concerns over Malaysia, Avonmore rennet casein, Ryvita, Aarhus and MD Foods
* Detailed OU information requests (2009) covering some twenty companies and products
* Report on Daysun Peanut Crackers (Dr Rosenfeld)
* Article 'Holier than the OU' (A Cantor) 21.08.2009
* Kosher Marketing Assets LLC application for the gTLD 'KOSHER' - declaration of KLBD supporting the OU objection (2013)"	8
Pesach	"* Article: Pyrex and Pesach - responses to article in the Jewish Chronicle 18th May 1979
* Pesach Guide 1986/5746
* Kashrus News 1986
* London Beis Din Supervision Pesach 1986 - permitted foods with official Passover label
* Kashering for Pesach - materials 
* Bush Boak Allen Certificate for Pesach signed by Rabbi Silver - 9th February 1988
* Article: What is Chametz? (Rabbi Conway)
* Article: Beat Pre-Pesach Panic (Rabbi Conway), Jewish Chronicle United Synagogue Passover Supplement, 4th March 1988, with Sale of Chometz Form
* KLBD Pesach list 1990 - Jewish Chronicle Passover Supplement 1990
* London Beis Din Pesach Supplement (30 March - 6 April 2010): photos of Rakusen's Matzah baking with Dayan Ehrentreu, Dayan Gelley, Dayan Saadia Amor
* Article from Rabbi Conway regarding various ingredients for Passover"	8
Paris Beis Din		9
Policy decisions regarding Kashrus guide		9
Rakusens		9
Shomer Annual Seminar 2002		9
Shmita		9
Various correspondence		9
Whisky		9
Wines		9
Chief Rabbinate Strasbourg		10
Review financial structure 1994		10
Travel		10
Vinegar		10
Waxing of fruit		10
White House		10
Xanthan gum - Vegetable gum		10
Zhangjiagang Legal		10
Sugar		11
Tartaric acid		11
Tate & Lyle icing and tube sugar		11
Tate & Lyle Passover		11
Tomor		11
Transactions of the Jewish Historical Society in the UK		11
Very interesting articles		11
Queries		12
Shaalos		12
Shellac		12
The mesorah of kosher birds and animals		12
Court cases 	"* Rosie Ben Shushan  
* JFS
* Solinsky - JD Plitnick 
* Blooms"	13
Feasibility of National Kosher UK Certification		13
Important papers		13
Kashrus Meetings of the Beis Din		13
Kitniot		13
Legal Status of ECK		13
Letters & Kashrus Regulations		13
Rabbi Conway presentation synopsis - Products & ingredients		13
Reports: Kashrus, Shechita		13
Kashrus Committee Meetings		14
Kashrus Certificates		14
Kashrus Financial Issues		14
Kashrus issues		14
Kashrus Promotion Campaign		14
Kashrus Guide	Policy decisions	14
KLBD articles	* Article from David Steinhof	14
Factory Visits	"* Aqua Scot (8.07.97)
* Brewing Products (11.07.97) visit by Michael Rosin
* Sinbad Ltd, Sri Lanka - black teas for Israel & Expolanska (15.02.2000)
* Ravenswood - visit by Dayan Ehrentreu, Rabbi Conway & Rabbi Lister (21.09.99)
* McVities (Harlesden) - visit by Dayan Ehrentreu & Rabbi Conway (14.09.99)
* Stroever Shellack Bremen (07.10.99)
* Wilhelm Ice Cream - visit by N. Lauer (28.06.99)
* Zhangjiagang Dong Gang Pharmaceutical Development Company, China - acesulfame production, visit by Rabbi Conway (12.05.98)
* Strassen, Luc De Baerdemaker for Bass Beers - visit by Rabbi Conway (27.05.98)
* Alco (Holland) - visit by Rabbi Conway (27.05.98)
* Lionel Hitchen - visit by Rabbi Conway (07.07.98)
* Jordan's - visit by Rabbi Conway (02.02.98)
* CFD (Commercial Freeze Dry, Preston) - visit by Rabbi Conway (18.02.98)
* Dairygold Michelstown - visits from 1994-1997
* Percy Dalton - visit by Rabbi Conway (07.01.98)
* Procedure for supervising the production of McDonald's Apple Pies 
* Bacchini re wheat and pasta plant - visit by Raphie Meyer (23.09.97)
* EBI Foods - visit by Rabbi Conway (08.12.97)
* Phytone - visit by Rabbi Conway & Raphie Meyer (02.12.97)
* Phytone re grapeskin extract, Oupia Winery and Alonzac Distillery, south of France - visit by Dayan Ehrentreu & Rabbi Conway (9-10 Sept 97)
* Lipton (Brussels) (13.02.96)
* Fragrance Oils - visit by Rabbi Conway (26.11.97)
* Carlshamn Mejeri, Sweden (Swedish Glace) (19.06.97)
* Cadbury's report for the Israeli Chief Rabbinate on visits to chocolate factories
* Inspec (19.06.97) - visit by Michael Aaron
* Jacob's Biscuit Factory, Wigston (26.03.97)
* Lossie Foods - visit by Rabbi Michael Rosin (08.07.97), polyethylene glycol range
* Merrydown Wines - visit by Rabbi Conway (22.07.97)
* Oasters - visit by Rabbi Conway & R. Meyer (30.07.97)
* Odense - visit by Rabbi Conway (26.06.97)
* Mars (02.04.97)
* Orkney Herring (07.07.97)
* Pinney's - Rabbi Michael Rosin (09.07.97)
* Roche (17.07.97)
* S&A Lesme Callebaut chocolate producers
* Tate & Lyle - factory inspection re Pesach granulated sugar for Israel
* Herbal teas / black tea produced by Lipton/Unilever (Sri Lanka) for the Israeli Chief Rabbinate Imports Department
* Rosehip/Raspberry, Camomile and Mandarin herbal teas - information supplied by Unilever International
* Wilkin & Sons Ltd, Tiptree, Essex (30.06.97) - visit by Michael Aaron
* Frigo Export Azul initial kosher inspection report (23.08.04)
* Trensums / Nordic Food, Tingsryd, Sweden - visit by Rabbi Conway (18.06.97)
* Bussetti & Circle K - summary report (2004)"	15
Cassettes		16
CDs		16
Photos (DE, DG)		16
Rabbi Conway note books		17
Rabbi Silver		18
Rabbi Silver		19
Fish Lists		20
Analysis of Vertebrate Structure		20
Scales		21
Oils		21
British Museum		21
Fish found in Italy		21
List & info of fish B	"* Billfishes
* Buckling
* Brisling
* Brill
* Bonito"	21
List & info of fish C	"* Cod Roe
* Chubs
* Chinchard
* Coley
* Coalfish
* Caviar
* Catfish
* Carp
* Cadascura"	21
List & info of fish E	* Eels	21
List & info of fish F	"* Flatfish
* Frozen Fish"	21
List & info of fish G	* Garfish	21
List & info of fish H	* Haddock	21
List & info of fish J	* John Dory	21
List & info of fish K	* Kingklip	21
List & info of fish L	"* Ling
* Lumpfish
* Lumpsucker
* Lungfish"	22
List & info of fish M	"* Mackerel
* Marlin
* Megrim
* Mock Halibut
* Mullet"	22
List & info of fish O	"* Smooth Oreodori
* Orange Roughy"	22
List & info of fish P	"* Plaice
* Pilot Fish"	22
List & info of fish R	* Rock Salmon	22
List & info of fish S	"* Saithe
* Sailfish
* Salmon
* Sardines
* Scad
* Shibuta
* Skipjack
* Snoek
* Sild
* Sturgeon
* Swordfish"	22
Newspapers		23
Tuna: Rabbinic Material (1)		23
Tuna: Scientific Material (2)		24
Tuna: Scientific Material (3)		24
Tuna: Miscellaneous including Specimen of Bonito Scales (4)		25
Tuna: Miscellaneous (5)		25
W. Simon & Sons Tuna Production		25
List of fish (T)		25
Fishes & Crustaceans of Cyprus		25
Kosher & Non-Kosher Fish around the world		25
Tuna: Scientific Names, Classification, Description & Illustrations (6 & 7)		26
Tuna: Correspondence (8)		26
Tuna: Biblical / Talmudical (9)		26
Tuna: Rabbinical Literature (10)		26
Tuna: Nomenclature (11)		26
Shechita		26
Turbot		27
London Beis Din Responsa + Article by I Maarsen of the Hague		27
Beis Din Correspondence Dayan Grunfeld		27
Press - Correspondence - Articles		27
Scientific Literature - Dictionaries		28
Scientific Literature		28
Divrei Torah 	"* The Whiskey Brouhaha: nullification of forbidden wine; wine used to impart flavour; taste attributable to dual sources; nullification on behalf of Jewish purchasers; reasons for stringency; a final note
* Kashrus Letter: Ylyon Marshmallows - Kolatin gelatin; human hair wigs; herring fillets; instant potatoes; scallions; pouring hot food into trash/sink; appliances not observant friendly
* The Swordfish & the Sword of King Chezkiyahu
* Daf HaKashrus (1999-2000)
* Annulment of Ingredients (1984)
* The Torah Challenge"	29
JFS		29
Kedassia		29
Eruv		30
